Workbook

Sheet KW31
D1: Bgm.-Schadwinkel-Halle | G1: Sporthalle Duvenstedt | J1: Sporthalle Nübbel | M1: Sporthalle Bergschule
A2: Tag | B2: Uhrzeit | E2: Uhrzeit | H2: Uhrzeit | K2: Uhrzeit
D3: Sommerferien Halle gesperrt 28.07.2025 - 06.09.2025
A5: Freitag
A6: 45870
A8: Samstag
A9: 45871
A18: Sonntag
A19: 45872

Sheet KW32
D1: Bgm.-Schadwinkel-Halle | G1: Sporthalle Duvenstedt | J1: Sporthalle Nübbel | M1: Sporthalle Bergschule
A2: Tag | B2: Uhrzeit | E2: Uhrzeit | H2: Uhrzeit | K2: Uhrzeit
D3: Sommerferien Halle gesperrt 28.07.2025 - 06.09.2025
A5: Freitag
A6: ='KW31'!A6+7 -> 45877
A8: Samstag
A9: ='KW31'!A9+7 -> 45878
A18: Sonntag
A19: ='KW31'!A19+7 -> 45879

Sheet KW33
D1: Bgm.-Schadwinkel-Halle | G1: Sporthalle Duvenstedt | J1: Sporthalle Nübbel | M1: Sporthalle Bergschule
A2: Tag | B2: Uhrzeit | E2: Uhrzeit | H2: Uhrzeit | K2: Uhrzeit
D3: Sommerferien Halle gesperrt 28.07.2025 - 06.09.2025
A5: Freitag
A6: ='KW32'!A6+7 -> 45884
A8: Samstag
A9: ='KW32'!A9+7 -> 45885
A18: Sonntag
A19: ='KW32'!A19+7 -> 45886

Sheet KW34
D1: Bgm.-Schadwinkel-Halle | G1: Sporthalle Duvenstedt | J1: Sporthalle Nübbel | M1: Sporthalle Bergschule
A2: Tag | B2: Uhrzeit | E2: Uhrzeit | H2: Uhrzeit | K2: Uhrzeit
D3: Sommerferien Halle gesperrt 28.07.2025 - 06.09.2025
A5: Freitag
A6: ='KW33'!A6+7 -> 45891
A8: Samstag
A9: ='KW33'!A9+7 -> 45892
A18: Sonntag
A19: ='KW33'!A19+7 -> 45893

Sheet KW35
D1: Bgm.-Schadwinkel-Halle | G1: Sporthalle Duvenstedt | J1: Sporthalle Nübbel | M1: Sporthalle Bergschule
A2: Tag | B2: Uhrzeit | E2: Uhrzeit | H2: Uhrzeit | K2: Uhrzeit
D3: Sommerferien Halle gesperrt 28.07.2025 - 06.09.2025
A5: Freitag
A6: ='KW34'!A6+7 -> 45898
A8: Samstag
A9: ='KW34'!A9+7 -> 45899
A18: Sonntag
A19: ='KW34'!A19+7 -> 45900

Sheet KW36
D1: Bgm.-Schadwinkel-Halle | G1: Sporthalle Duvenstedt | J1: Sporthalle Nübbel | M1: Sporthalle Bergschule
A2: Tag | B2: Uhrzeit | E2: Uhrzeit | H2: Uhrzeit | K2: Uhrzeit
D3: Sommerferien Halle gesperrt 28.07.2025 - 06.09.2025
A5: Freitag
A6: ='KW35'!A6+7 -> 45905
A8: Samstag
A9: ='KW35'!A9+7 -> 45906
A18: Sonntag
A19: ='KW35'!A19+7 -> 45907

Sheet KW37
D1: Bgm.-Schadwinkel-Halle | G1: Sporthalle Duvenstedt | J1: Sporthalle Nübbel | M1: Sporthalle Bergschule
A2: Tag | B2: Uhrzeit | E2: Uhrzeit | H2: Uhrzeit | K2: Uhrzeit
A5: Freitag | D5: Tischtennis
A6: ='KW36'!A6+7 -> 45912 | D6: Landesmeisterschaften
D7: Aufbau
A8: Samstag | D8: Tischtennis
A9: ='KW36'!A9+7 -> 45913 | D9: Landesmeisterschaften
D11: Zeiten folgen
A18: Sonntag | D18: Tischtennis
A19: ='KW36'!A19+7 -> 45914 | D19: Landesmeisterschaften
D21: Zeiten folgen

Sheet KW38
D1: Bgm.-Schadwinkel-Halle | G1: Sporthalle Duvenstedt | J1: Sporthalle Nübbel | M1: Sporthalle Bergschule
A2: Tag | B2: Uhrzeit | E2: Uhrzeit | H2: Uhrzeit | K2: Uhrzeit
A5: Freitag
A6: ='KW37'!A6+7 -> 45919
A8: Samstag
A9: ='KW37'!A9+7 -> 45920
A18: Sonntag
A19: ='KW37'!A19+7 -> 45921

Sheet KW39
D1: Bgm.-Schadwinkel-Halle | G1: Sporthalle Duvenstedt | J1: Sporthalle Nübbel | M1: Sporthalle Bergschule
A2: Tag | B2: Uhrzeit | E2: Uhrzeit | H2: Uhrzeit | K2: Uhrzeit
A5: Freitag
A6: ='KW38'!A6+7 -> 45926
A8: Samstag
A9: ='KW38'!A9+7 -> 45927
A18: Sonntag
A19: ='KW38'!A19+7 -> 45928

Sheet KW40
D1: Bgm.-Schadwinkel-Halle | G1: Sporthalle Duvenstedt | J1: Sporthalle Nübbel | M1: Sporthalle Bergschule
A2: Tag | B2: Uhrzeit | E2: Uhrzeit | H2: Uhrzeit | K2: Uhrzeit
A5: Freitag | B5: Feiertag Vergabe nur mit Genehmigung Gemeinde
A6: ='KW39'!A6+7 -> 45933
A8: Samstag
A9: ='KW39'!A9+7 -> 45934
A18: Sonntag
A19: ='KW39'!A19+7 -> 45935

Sheet KW41
D1: Bgm.-Schadwinkel-Halle | G1: Sporthalle Duvenstedt | J1: Sporthalle Nübbel | M1: Sporthalle Bergschule
A2: Tag | B2: Uhrzeit | E2: Uhrzeit | H2: Uhrzeit | K2: Uhrzeit
A5: Freitag
A6: ='KW40'!A6+7 -> 45940
A8: Samstag
A9: ='KW40'!A9+7 -> 45941
A18: Sonntag
A19: ='KW40'!A19+7 -> 45942

Sheet KW42
D1: Bgm.-Schadwinkel-Halle | G1: Sporthalle Duvenstedt | J1: Sporthalle Nübbel | M1: Sporthalle Bergschule
A2: Tag | B2: Uhrzeit | E2: Uhrzeit | H2: Uhrzeit | K2: Uhrzeit
D3: Herbstferien 20.10 - 30.10.2025
A5: Freitag
A6: ='KW41'!A6+7 -> 45947
A8: Samstag
A9: ='KW41'!A9+7 -> 45948
A18: Sonntag
A19: ='KW41'!A19+7 -> 45949

Sheet KW43
D1: Bgm.-Schadwinkel-Halle | G1: Sporthalle Duvenstedt | J1: Sporthalle Nübbel | M1: Sporthalle Bergschule
A2: Tag | B2: Uhrzeit | E2: Uhrzeit | H2: Uhrzeit | K2: Uhrzeit
D3: Herbstferien 20.10 - 30.10.2025
A5: Freitag
A6: ='KW42'!A6+7 -> 45954
A8: Samstag
A9: ='KW42'!A9+7 -> 45955
A18: Sonntag
A19: ='KW42'!A19+7 -> 45956

Sheet KW44
D1: Bgm.-Schadwinkel-Halle | G1: Sporthalle Duvenstedt | J1: Sporthalle Nübbel | M1: Sporthalle Bergschule
A2: Tag | B2: Uhrzeit | E2: Uhrzeit | H2: Uhrzeit | K2: Uhrzeit
D3: Herbstferien 20.10 - 30.10.2025
A5: Freitag | B5: Reformationstag Vergabe nur mit Genehmigung Gemeide
A6: ='KW43'!A6+7 -> 45961
A8: Samstag
A9: ='KW43'!A9+7 -> 45962
A18: Sonntag
A19: ='KW43'!A19+7 -> 45963

Sheet KW45
D1: Bgm.-Schadwinkel-Halle | G1: Sporthalle Duvenstedt | J1: Sporthalle Nübbel | M1: Sporthalle Bergschule
A2: Tag | B2: Uhrzeit | E2: Uhrzeit | H2: Uhrzeit | K2: Uhrzeit
A5: Freitag
A6: ='KW44'!A6+7 -> 45968
A8: Samstag
A9: ='KW44'!A9+7 -> 45969
A18: Sonntag | M18: Volleyball
A19: ='KW44'!A19+7 -> 45970 | K19: 0.375 | M19: Punktspielturnier
M20: U 20
K28: 0.875

Sheet KW46
D1: Bgm.-Schadwinkel-Halle | G1: Sporthalle Duvenstedt | J1: Sporthalle Nübbel | M1: Sporthalle Bergschule
A2: Tag | B2: Uhrzeit | E2: Uhrzeit | H2: Uhrzeit | K2: Uhrzeit
A5: Freitag
A6: ='KW45'!A6+7 -> 45975
A8: Samstag
A9: ='KW45'!A9+7 -> 45976
A18: Sonntag
A19: ='KW45'!A19+7 -> 45977

Sheet KW47
D1: Bgm.-Schadwinkel-Halle | G1: Sporthalle Duvenstedt | J1: Sporthalle Nübbel | M1: Sporthalle Bergschule
A2: Tag | B2: Uhrzeit | E2: Uhrzeit | H2: Uhrzeit | K2: Uhrzeit
A5: Freitag
A6: ='KW46'!A6+7 -> 45982
A8: Samstag
A9: ='KW46'!A9+7 -> 45983
A18: Sonntag
A19: ='KW46'!A19+7 -> 45984

Sheet KW48
D1: Bgm.-Schadwinkel-Halle | G1: Sporthalle Duvenstedt | J1: Sporthalle Nübbel | M1: Sporthalle Bergschule
A2: Tag | B2: Uhrzeit | E2: Uhrzeit | H2: Uhrzeit | K2: Uhrzeit
A5: Freitag
A6: ='KW47'!A6+7 -> 45989
A8: Samstag
A9: ='KW47'!A9+7 -> 45990
A18: Sonntag
A19: ='KW47'!A19+7 -> 45991

Sheet KW49
D1: Bgm.-Schadwinkel-Halle | G1: Sporthalle Duvenstedt | J1: Sporthalle Nübbel | M1: Sporthalle Bergschule
A2: Tag | B2: Uhrzeit | E2: Uhrzeit | H2: Uhrzeit | K2: Uhrzeit
A5: Freitag
A6: ='KW48'!A6+7 -> 45996
A8: Samstag
A9: ='KW48'!A9+7 -> 45997
A18: Sonntag
A19: ='KW48'!A19+7 -> 45998

Sheet KW50
D1: Bgm.-Schadwinkel-Halle | G1: Sporthalle Duvenstedt | J1: Sporthalle Nübbel | M1: Sporthalle Bergschule
A2: Tag | B2: Uhrzeit | E2: Uhrzeit | H2: Uhrzeit | K2: Uhrzeit
A5: Freitag
A6: ='KW49'!A6+7 -> 46003
A8: Samstag
A9: ='KW49'!A9+7 -> 46004
A18: Sonntag
A19: ='KW49'!A19+7 -> 46005

Sheet KW51
D1: Bgm.-Schadwinkel-Halle | G1: Sporthalle Duvenstedt | J1: Sporthalle Nübbel | M1: Sporthalle Bergschule
A2: Tag | B2: Uhrzeit | E2: Uhrzeit | H2: Uhrzeit | K2: Uhrzeit
D3: Ferien SH 19.12.-06.01.2026 | M3: Ferien SH 19.12.-06.01.2026
D4: Nutzung nur auf Antrag | M4: Nutzung nur auf Antrag
A5: Freitag
A6: ='KW50'!A6+7 -> 46010
A8: Samstag
A9: ='KW50'!A9+7 -> 46011
A18: Sonntag
A19: ='KW50'!A19+7 -> 46012

Sheet KW52
D1: Bgm.-Schadwinkel-Halle | G1: Sporthalle Duvenstedt | J1: Sporthalle Nübbel | M1: Sporthalle Bergschule
A2: Tag | B2: Uhrzeit | E2: Uhrzeit | H2: Uhrzeit | K2: Uhrzeit
D3: Ferien SH 19.12.-06.01.2026 | M3: Ferien SH 19.12.-06.01.2026
D4: Nutzung nur auf Antrag | M4: Nutzung nur auf Antrag
A5: Freitag
A6: ='KW51'!A6+7 -> 46017
A8: Samstag
A9: ='KW51'!A9+7 -> 46018
A18: Sonntag
A19: ='KW51'!A19+7 -> 46019

Sheet KW01
D1: Bgm.-Schadwinkel-Halle | G1: Sporthalle Duvenstedt | J1: Sporthalle Nübbel | M1: Sporthalle Bergschule
A2: Tag | B2: Uhrzeit | E2: Uhrzeit | H2: Uhrzeit | K2: Uhrzeit
D3: Ferien SH 19.12.-06.01.2026 | M3: Ferien SH 19.12.-06.01.2026
D4: Nutzung nur auf Antrag | M4: Nutzung nur auf Antrag
A5: Freitag
A6: ='KW52'!A6+7 -> 46024
A8: Samstag | D8: SSC Fockbek
A9: ='KW52'!A9+7 -> 46025 | D9: Bogenschiessen
A18: Sonntag | D18: SSC Fockbek
A19: ='KW52'!A19+7 -> 46026 | D19: Bogenschiessen

Sheet KW02
D1: Bgm.-Schadwinkel-Halle | G1: Sporthalle Duvenstedt | J1: Sporthalle Nübbel | M1: Sporthalle Bergschule
A2: Tag | B2: Uhrzeit | E2: Uhrzeit | H2: Uhrzeit | K2: Uhrzeit
A5: Freitag
A6: ='KW01'!A6+7 -> 46031
A8: Samstag
A9: ='KW01'!A9+7 -> 46032
A18: Sonntag
A19: ='KW01'!A19+7 -> 46033 | K19: 0.33333333 | M19: KFV RD
M20: Robert Lohmann
M21: 04351 768849
M23: Futsalkreismeisterschaft
K26: ca.
K27: 0.75

Sheet KW03
D1: Bgm.-Schadwinkel-Halle | G1: Sporthalle Duvenstedt | J1: Sporthalle Nübbel | M1: Sporthalle Bergschule
A2: Tag | B2: Uhrzeit | E2: Uhrzeit | H2: Uhrzeit | K2: Uhrzeit
A5: Freitag
A6: ='KW02'!A6+7 -> 46038
A8: Samstag
A9: ='KW02'!A9+7 -> 46039
A18: Sonntag
A19: ='KW02'!A19+7 -> 46040

Sheet KW04
D1: Bgm.-Schadwinkel-Halle | G1: Sporthalle Duvenstedt | J1: Sporthalle Nübbel | M1: Sporthalle Bergschule
A2: Tag | B2: Uhrzeit | E2: Uhrzeit | H2: Uhrzeit | K2: Uhrzeit
A5: Freitag
A6: ='KW03'!A6+7 -> 46045
A8: Samstag
A9: ='KW03'!A9+7 -> 46046
A18: Sonntag
A19: ='KW03'!A19+7 -> 46047

Sheet KW05
D1: Bgm.-Schadwinkel-Halle | G1: Sporthalle Duvenstedt | J1: Sporthalle Nübbel | M1: Sporthalle Bergschule
A2: Tag | B2: Uhrzeit | E2: Uhrzeit | H2: Uhrzeit | K2: Uhrzeit
A5: Freitag
A6: ='KW04'!A6+7 -> 46052
A8: Samstag
A9: ='KW04'!A9+7 -> 46053
A18: Sonntag
A19: ='KW04'!A19+7 -> 46054

Sheet KW07
D1: Bgm.-Schadwinkel-Halle | G1: Sporthalle Duvenstedt | J1: Sporthalle Nübbel | M1: Sporthalle Bergschule
A2: Tag | B2: Uhrzeit | E2: Uhrzeit | H2: Uhrzeit | K2: Uhrzeit
A5: Freitag
A6: ='KW06'!A6+7 -> 46066
A8: Samstag
A9: ='KW06'!A9+7 -> 46067
A18: Sonntag
A19: ='KW06'!A19+7 -> 46068

Sheet KW06
D1: Bgm.-Schadwinkel-Halle | G1: Sporthalle Duvenstedt | J1: Sporthalle Nübbel | M1: Sporthalle Bergschule
A2: Tag | B2: Uhrzeit | E2: Uhrzeit | H2: Uhrzeit | K2: Uhrzeit
A5: Freitag
A6: ='KW05'!A6+7 -> 46059
A8: Samstag
A9: ='KW05'!A9+7 -> 46060
A18: Sonntag
A19: ='KW05'!A19+7 -> 46061

Sheet KW08
D1: Bgm.-Schadwinkel-Halle | G1: Sporthalle Duvenstedt | J1: Sporthalle Nübbel | M1: Sporthalle Bergschule
A2: Tag | B2: Uhrzeit | E2: Uhrzeit | H2: Uhrzeit | K2: Uhrzeit
A5: Freitag
A6: ='KW07'!A6+7 -> 46073
A8: Samstag
A9: ='KW07'!A9+7 -> 46074
A18: Sonntag
A19: ='KW07'!A19+7 -> 46075

Sheet KW09
D1: Bgm.-Schadwinkel-Halle | G1: Sporthalle Duvenstedt | J1: Sporthalle Nübbel | M1: Sporthalle Bergschule
A2: Tag | B2: Uhrzeit | E2: Uhrzeit | H2: Uhrzeit | K2: Uhrzeit
A5: Freitag
A6: ='KW08'!A6+7 -> 46080
A8: Samstag
A9: ='KW08'!A9+7 -> 46081
A18: Sonntag
A19: ='KW08'!A19+7 -> 46082

Sheet KW10
D1: Bgm.-Schadwinkel-Halle | G1: Sporthalle Duvenstedt | J1: Sporthalle Nübbel | M1: Sporthalle Bergschule
A2: Tag | B2: Uhrzeit | E2: Uhrzeit | H2: Uhrzeit | K2: Uhrzeit
A5: Freitag
A6: ='KW09'!A6+7 -> 46087
A8: Samstag
A9: ='KW09'!A9+7 -> 46088
A18: Sonntag
A19: ='KW09'!A19+7 -> 46089

Sheet KW11
D1: Bgm.-Schadwinkel-Halle | G1: Sporthalle Duvenstedt | J1: Sporthalle Nübbel | M1: Sporthalle Bergschule
A2: Tag | B2: Uhrzeit | E2: Uhrzeit | H2: Uhrzeit | K2: Uhrzeit
A5: Freitag
A6: ='KW10'!A6+7 -> 46094
A8: Samstag
A9: ='KW10'!A9+7 -> 46095
A18: Sonntag
A19: ='KW10'!A19+7 -> 46096

Sheet KW12
D1: Bgm.-Schadwinkel-Halle | G1: Sporthalle Duvenstedt | J1: Sporthalle Nübbel | M1: Sporthalle Bergschule
A2: Tag | B2: Uhrzeit | E2: Uhrzeit | H2: Uhrzeit | K2: Uhrzeit
A5: Freitag
A6: ='KW11'!A6+7 -> 46101
A8: Samstag
A9: ='KW11'!A9+7 -> 46102
A18: Sonntag
A19: ='KW11'!A19+7 -> 46103

Sheet KW13
D1: Bgm.-Schadwinkel-Halle | G1: Sporthalle Duvenstedt | J1: Sporthalle Nübbel | M1: Sporthalle Bergschule
A2: Tag | B2: Uhrzeit | E2: Uhrzeit | H2: Uhrzeit | K2: Uhrzeit
D3: Ferien SH 26.03.-10.04.2026
A5: Freitag
A6: ='KW12'!A6+7 -> 46108
A8: Samstag
A9: ='KW12'!A9+7 -> 46109
A18: Sonntag
A19: ='KW12'!A19+7 -> 46110

Sheet KW14
D1: Bgm.-Schadwinkel-Halle | G1: Sporthalle Duvenstedt | J1: Sporthalle Nübbel | M1: Sporthalle Bergschule
A2: Tag | B2: Uhrzeit | E2: Uhrzeit | H2: Uhrzeit | K2: Uhrzeit
D3: Ferien SH 26.03.-10.04.2026
D4: Osterwochenende
A5: Freitag | B5: Karfreitag Vergabe nur Gemeinde | K5: Karfreitag Vergabe nur Gemeinde
A6: ='KW13'!A6+7 -> 46115
A8: Samstag | D8: Osterwochenende | M8: Osterwochenende
A9: ='KW13'!A9+7 -> 46116
A18: Sonntag | D18: Osterwochenende | M18: Osterwochenende
A19: ='KW13'!A19+7 -> 46117

Sheet KW15
D1: Bgm.-Schadwinkel-Halle | G1: Sporthalle Duvenstedt | J1: Sporthalle Nübbel | M1: Sporthalle Bergschule
A2: Tag | B2: Uhrzeit | E2: Uhrzeit | H2: Uhrzeit | K2: Uhrzeit
A3: Montag | D3: Ferien SH 26.03.-10.04.2026
A4: 46118 | D4: Ostermontag gesperrt | M4: Ostermontag gesperrt
A5: Freitag
A6: ='KW14'!A6+7 -> 46122
A8: Samstag
A9: ='KW14'!A9+7 -> 46123
A18: Sonntag
A19: ='KW14'!A19+7 -> 46124

Sheet KW16
D1: Bgm.-Schadwinkel-Halle | G1: Sporthalle Duvenstedt | J1: Sporthalle Nübbel | M1: Sporthalle Bergschule
A2: Tag | B2: Uhrzeit | E2: Uhrzeit | H2: Uhrzeit | K2: Uhrzeit
A5: Freitag
A6: ='KW15'!A6+7 -> 46129
A8: Samstag
A9: ='KW15'!A9+7 -> 46130
A18: Sonntag
A19: ='KW15'!A19+7 -> 46131

Sheet KW17
D1: Bgm.-Schadwinkel-Halle | G1: Sporthalle Duvenstedt | J1: Sporthalle Nübbel | M1: Sporthalle Bergschule
A2: Tag | B2: Uhrzeit | E2: Uhrzeit | H2: Uhrzeit | K2: Uhrzeit
A5: Freitag
A6: ='KW16'!A6+7 -> 46136
A8: Samstag
A9: ='KW16'!A9+7 -> 46137
A18: Sonntag
A19: ='KW16'!A19+7 -> 46138

Sheet KW18
D1: Bgm.-Schadwinkel-Halle | G1: Sporthalle Duvenstedt | J1: Sporthalle Nübbel | M1: Sporthalle Bergschule
A2: Tag | B2: Uhrzeit | E2: Uhrzeit | H2: Uhrzeit | K2: Uhrzeit
A5: Freitag | D5: Vergabe nur mit Genehmigung durch die Gemeinde
A6: ='KW17'!A6+7 -> 46143
A8: Samstag
A9: ='KW17'!A9+7 -> 46144
A18: Sonntag
A19: ='KW17'!A19+7 -> 46145

Sheet KW19
D1: Bgm.-Schadwinkel-Halle | G1: Sporthalle Duvenstedt | J1: Sporthalle Nübbel | M1: Sporthalle Bergschule
A2: Tag | B2: Uhrzeit | E2: Uhrzeit | H2: Uhrzeit | K2: Uhrzeit
A5: Freitag
A6: ='KW18'!A6+7 -> 46150
A8: Samstag
A9: ='KW18'!A9+7 -> 46151
A18: Sonntag
A19: ='KW18'!A19+7 -> 46152

Sheet KW20
D1: Bgm.-Schadwinkel-Halle | G1: Sporthalle Duvenstedt | J1: Sporthalle Nübbel | M1: Sporthalle Bergschule
A2: Tag | B2: Uhrzeit | E2: Uhrzeit | H2: Uhrzeit | K2: Uhrzeit
A3: 46156 | D3: Himmelfahrt gesperrt | M3: Himmelfahrt gesperrt
A5: Freitag
A6: ='KW19'!A6+7 -> 46157
A8: Samstag
A9: ='KW19'!A9+7 -> 46158
A18: Sonntag
A19: ='KW19'!A19+7 -> 46159

Sheet KW21
D1: Bgm.-Schadwinkel-Halle | G1: Sporthalle Duvenstedt | J1: Sporthalle Nübbel | M1: Sporthalle Bergschule
A2: Tag | B2: Uhrzeit | E2: Uhrzeit | H2: Uhrzeit | K2: Uhrzeit
A5: Freitag
A6: ='KW20'!A6+7 -> 46164
A8: Samstag
A9: ='KW20'!A9+7 -> 46165
A18: Sonntag | D18: Pfingsten
A19: ='KW20'!A19+7 -> 46166

Sheet KW22
D1: Bgm.-Schadwinkel-Halle | G1: Sporthalle Duvenstedt | J1: Sporthalle Nübbel | M1: Sporthalle Bergschule
A2: Tag | B2: Uhrzeit | E2: Uhrzeit | H2: Uhrzeit | K2: Uhrzeit
A3: Montag | D3: Pfingsten geperrt | M3: Pfingsten geperrt
A4: 46167
A5: Freitag
A6: ='KW21'!A6+7 -> 46171
A8: Samstag
A9: ='KW21'!A9+7 -> 46172
A18: Sonntag
A19: ='KW21'!A19+7 -> 46173

Sheet KW23
D1: Bgm.-Schadwinkel-Halle | G1: Sporthalle Duvenstedt | J1: Sporthalle Nübbel | M1: Sporthalle Bergschule
A2: Tag | B2: Uhrzeit | E2: Uhrzeit | H2: Uhrzeit | K2: Uhrzeit
A5: Freitag
A6: ='KW22'!A6+7 -> 46178
A8: Samstag
A9: ='KW22'!A9+7 -> 46179
A18: Sonntag
A19: ='KW22'!A19+7 -> 46180

Sheet KW24
D1: Bgm.-Schadwinkel-Halle | G1: Sporthalle Duvenstedt | J1: Sporthalle Nübbel | M1: Sporthalle Bergschule
A2: Tag | B2: Uhrzeit | E2: Uhrzeit | H2: Uhrzeit | K2: Uhrzeit
A5: Freitag
A6: ='KW23'!A6+7 -> 46185
A8: Samstag
A9: ='KW23'!A9+7 -> 46186
A18: Sonntag
A19: ='KW23'!A19+7 -> 46187

Sheet KW25
D1: Bgm.-Schadwinkel-Halle | G1: Sporthalle Duvenstedt | J1: Sporthalle Nübbel | M1: Sporthalle Bergschule
A2: Tag | B2: Uhrzeit | E2: Uhrzeit | H2: Uhrzeit | K2: Uhrzeit
A5: Freitag
A6: ='KW24'!A6+7 -> 46192
A8: Samstag
A9: ='KW24'!A9+7 -> 46193
A18: Sonntag
A19: ='KW24'!A19+7 -> 46194

Sheet KW26
D1: Bgm.-Schadwinkel-Halle | G1: Sporthalle Duvenstedt | J1: Sporthalle Nübbel | M1: Sporthalle Bergschule
A2: Tag | B2: Uhrzeit | E2: Uhrzeit | H2: Uhrzeit | K2: Uhrzeit
A5: Freitag
A6: ='KW25'!A6+7 -> 46199
A8: Samstag
A9: ='KW25'!A9+7 -> 46200
A18: Sonntag
A19: ='KW25'!A19+7 -> 46201

Sheet KW27
D1: Bgm.-Schadwinkel-Halle | G1: Sporthalle Duvenstedt | J1: Sporthalle Nübbel | M1: Sporthalle Bergschule
A2: Tag | B2: Uhrzeit | E2: Uhrzeit | H2: Uhrzeit | K2: Uhrzeit
A5: Freitag
A6: ='KW26'!A6+7 -> 46206
A8: Samstag
A9: ='KW26'!A9+7 -> 46207
A18: Sonntag
A19: ='KW26'!A19+7 -> 46208

Sheet KW28
D1: Bgm.-Schadwinkel-Halle | G1: Sporthalle Duvenstedt | J1: Sporthalle Nübbel | M1: Sporthalle Bergschule
A2: Tag | B2: Uhrzeit | E2: Uhrzeit | H2: Uhrzeit | K2: Uhrzeit
A5: Freitag
A6: ='KW27'!A6+7 -> 46213
A8: Samstag
A9: ='KW27'!A9+7 -> 46214
A18: Sonntag
A19: ='KW27'!A19+7 -> 46215

Sheet KW29
D1: Bgm.-Schadwinkel-Halle | G1: Sporthalle Duvenstedt | J1: Sporthalle Nübbel | M1: Sporthalle Bergschule
A2: Tag | B2: Uhrzeit | E2: Uhrzeit | H2: Uhrzeit | K2: Uhrzeit
A5: Freitag
A6: ='KW28'!A6+7 -> 46220
A8: Samstag
A9: ='KW28'!A9+7 -> 46221
A18: Sonntag
A19: ='KW28'!A19+7 -> 46222

Sheet KW30
D1: Bgm.-Schadwinkel-Halle | G1: Sporthalle Duvenstedt | J1: Sporthalle Nübbel | M1: Sporthalle Bergschule
A2: Tag | B2: Uhrzeit | E2: Uhrzeit | H2: Uhrzeit | K2: Uhrzeit
A5: Freitag
A6: ='KW29'!A6+7 -> 46227
A8: Samstag
A9: ='KW29'!A9+7 -> 46228
A18: Sonntag
A19: ='KW29'!A19+7 -> 46229

Sheet KW31.
D1: Bgm.-Schadwinkel-Halle | G1: Sporthalle Duvenstedt | J1: Sporthalle Nübbel | M1: Sporthalle Bergschule
A2: Tag | B2: Uhrzeit | E2: Uhrzeit | H2: Uhrzeit | K2: Uhrzeit
A5: Freitag
A6: ='KW30'!A6+7 -> 46234
A8: Samstag
A9: ='KW30'!A9+7 -> 46235
A18: Sonntag
A19: ='KW30'!A19+7 -> 46236

Sheet Tabelle1
